{
  "version": 1,
  "author": "Uri Shaked",
  "editor": "wokwi",
  "parts": [
    { "type": "wokwi-breadboard", "id": "bb1", "top": 208.2, "left": 31.6, "attrs": {} },
    { "type": "wokwi-breadboard-half", "id": "bb2", "top": 208.2, "left": -314, "attrs": {} },
    { "type": "wokwi-esp32-devkit-v1", "id": "esp", "top": -158.5, "left": 398.2, "attrs": {} },
    {
      "type": "wokwi-pushbutton",
      "id": "btn1",
      "top": 281.4,
      "left": 208.2,
      "rotate": 90,
      "attrs": { "color": "red", "label": "Cancel" }
    },
    {
      "type": "wokwi-pushbutton",
      "id": "btn2",
      "top": 281.4,
      "left": -262.2,
      "rotate": 90,
      "attrs": { "color": "yellow", "label": "Down" }
    },
    {
      "type": "wokwi-pushbutton",
      "id": "btn3",
      "top": 281.4,
      "left": -175.8,
      "rotate": 90,
      "attrs": { "color": "blue", "label": "Up" }
    },
    {
      "type": "wokwi-pushbutton",
      "id": "btn4",
      "top": 281.4,
      "left": -70.2,
      "rotate": 90,
      "attrs": { "color": "green", "label": "Menu/OK" }
    },
    {
      "type": "wokwi-led",
      "id": "led1",
      "top": 236.4,
      "left": 330.2,
      "attrs": { "color": "red" }
    },
    {
      "type": "wokwi-resistor",
      "id": "r1",
      "top": 291.95,
      "left": 355.2,
      "attrs": { "value": "220" }
    },
    {
      "type": "wokwi-resistor",
      "id": "r2",
      "top": 291.95,
      "left": 460.8,
      "attrs": { "value": "100" }
    },
    {
      "type": "wokwi-buzzer",
      "id": "bz1",
      "top": 194.4,
      "left": 424.2,
      "attrs": { "volume": "0.1" }
    },
    {
      "type": "wokwi-dht22",
      "id": "dht1",
      "top": -239.7,
      "left": 100.2,
      "attrs": { "temperature": "-13.1", "humidity": "100" }
    },
    {
      "type": "board-ssd1306",
      "id": "oled1",
      "top": 271.94,
      "left": 528.23,
      "attrs": { "i2cAddress": "0x3c" }
    },
    {
      "type": "wokwi-resistor",
      "id": "r3",
      "top": 359.15,
      "left": 182.4,
      "attrs": { "value": "1000" }
    },
    {
      "type": "wokwi-resistor",
      "id": "r4",
      "top": 359.15,
      "left": -288,
      "attrs": { "value": "1000" }
    },
    {
      "type": "wokwi-resistor",
      "id": "r5",
      "top": 359.15,
      "left": -201.6,
      "attrs": { "value": "1000" }
    },
    {
      "type": "wokwi-resistor",
      "id": "r6",
      "top": 359.15,
      "left": -96,
      "attrs": { "value": "1000" }
    },
    { "type": "wokwi-photoresistor-sensor", "id": "ldr1", "top": 89.6, "left": -412, "attrs": {} },
    {
      "type": "wokwi-photoresistor-sensor",
      "id": "ldr2",
      "top": 70.2,
      "left": 660.4,
      "rotate": 180,
      "attrs": {}
    },
    { "type": "wokwi-servo", "id": "servo1", "top": -366.8, "left": 278.4, "attrs": {} }
  ],
  "connections": [
    [ "esp:TX0", "$serialMonitor:RX", "", [] ],
    [ "esp:RX0", "$serialMonitor:TX", "", [] ],
    [ "esp:GND.1", "bb1:tn.49", "black", [ "h0" ] ],
    [ "bb1:tn.50", "bb1:bn.50", "black", [ "h56.8", "v174" ] ],
    [ "esp:3V3", "bb1:tp.48", "red", [ "h114.9", "v220.5" ] ],
    [ "bb1:tp.50", "bb1:bp.50", "red", [ "h47.2", "v174" ] ],
    [ "bb1:tn.44", "bb1:54t.a", "black", [ "v0" ] ],
    [ "bb1:tp.45", "bb1:55t.a", "red", [ "v0" ] ],
    [ "esp:D22", "bb1:56t.a", "blue", [ "h0" ] ],
    [ "esp:D21", "bb1:57t.a", "green", [ "h95.7", "v354.8" ] ],
    [ "esp:D5", "bb1:49t.b", "green", [ "h0" ] ],
    [ "bb1:42t.e", "bb1:bn.34", "black", [ "v0" ] ],
    [ "esp:D15", "bb1:38t.c", "green", [ "h0" ] ],
    [ "bb1:31t.e", "bb1:bn.25", "black", [ "v0" ] ],
    [ "bb1:31b.h", "bb1:31b.j", "green", [ "v0" ] ],
    [ "bb1:tn.17", "bb1:22t.b", "black", [ "v0" ] ],
    [ "bb1:14b.i", "bb1:bp.9", "red", [ "v28.8", "h-28.8" ] ],
    [ "bb1:tp.1", "bb2:tp.25", "red", [ "v0" ] ],
    [ "bb1:tn.1", "bb2:tn.25", "black", [ "v0" ] ],
    [ "bb1:bp.1", "bb2:bp.25", "red", [ "v-0.9", "h-87.2" ] ],
    [ "bb1:bn.1", "bb2:bn.25", "black", [ "v0" ] ],
    [ "bb2:tn.15", "bb2:18t.a", "black", [ "v0" ] ],
    [ "bb2:tn.24", "bb2:29t.a", "black", [ "v0" ] ],
    [ "bb2:tn.7", "bb2:9t.a", "black", [ "v0" ] ],
    [ "bb2:1b.i", "bb2:bp.1", "red", [ "v0" ] ],
    [ "bb2:10b.i", "bb2:bp.8", "red", [ "v0" ] ],
    [ "bb2:21b.i", "bb2:bp.17", "red", [ "v0" ] ],
    [ "esp:D33", "bb2:16t.b", "green", [ "h0" ] ],
    [ "dht1:GND", "bb1:tn.10", "black", [ "v0" ] ],
    [ "dht1:VCC", "bb1:tp.5", "red", [ "v0" ] ],
    [ "dht1:SDA", "esp:D12", "green", [ "v0" ] ],
    [ "ldr1:GND", "bb2:tn.9", "black", [ "h0" ] ],
    [ "ldr1:VCC", "bb2:tp.10", "red", [ "h0" ] ],
    [ "ldr2:VCC", "bb1:tp.43", "red", [ "h0" ] ],
    [ "ldr2:GND", "bb1:tn.42", "black", [ "h0" ] ],
    [ "servo1:GND", "bb1:tn.11", "black", [ "h0" ] ],
    [ "servo1:V+", "bb1:tp.12", "red", [ "h0" ] ],
    [ "servo1:PWM", "esp:D23", "gold", [ "v48.2", "h249.6", "v115.1" ] ],
    [ "btn1:1.l", "bb1:22t.c", "", [ "$bb" ] ],
    [ "btn1:2.l", "bb1:20t.c", "", [ "$bb" ] ],
    [ "btn1:1.r", "bb1:22b.h", "", [ "$bb" ] ],
    [ "btn1:2.r", "bb1:20b.h", "", [ "$bb" ] ],
    [ "btn2:1.l", "bb2:9t.c", "", [ "$bb" ] ],
    [ "btn2:2.l", "bb2:7t.c", "", [ "$bb" ] ],
    [ "btn2:1.r", "bb2:9b.h", "", [ "$bb" ] ],
    [ "btn2:2.r", "bb2:7b.h", "", [ "$bb" ] ],
    [ "btn3:1.l", "bb2:18t.c", "", [ "$bb" ] ],
    [ "btn3:2.l", "bb2:16t.c", "", [ "$bb" ] ],
    [ "btn3:1.r", "bb2:18b.h", "", [ "$bb" ] ],
    [ "btn3:2.r", "bb2:16b.h", "", [ "$bb" ] ],
    [ "btn4:1.l", "bb2:29t.c", "", [ "$bb" ] ],
    [ "btn4:2.l", "bb2:27t.c", "", [ "$bb" ] ],
    [ "btn4:1.r", "bb2:29b.h", "", [ "$bb" ] ],
    [ "btn4:2.r", "bb2:27b.h", "", [ "$bb" ] ],
    [ "led1:A", "bb1:32t.c", "", [ "$bb" ] ],
    [ "led1:C", "bb1:31t.c", "", [ "$bb" ] ],
    [ "r1:1", "bb1:32t.e", "", [ "$bb" ] ],
    [ "r1:2", "bb1:38t.e", "", [ "$bb" ] ],
    [ "r2:1", "bb1:43t.e", "", [ "$bb" ] ],
    [ "r2:2", "bb1:49t.e", "", [ "$bb" ] ],
    [ "bz1:1", "bb1:42t.c", "", [ "$bb" ] ],
    [ "bz1:2", "bb1:43t.c", "", [ "$bb" ] ],
    [ "oled1:GND", "bb1:54t.c", "", [ "$bb" ] ],
    [ "oled1:VCC", "bb1:55t.c", "", [ "$bb" ] ],
    [ "oled1:SCL", "bb1:56t.c", "", [ "$bb" ] ],
    [ "oled1:SDA", "bb1:57t.c", "", [ "$bb" ] ],
    [ "r3:1", "bb1:14b.j", "", [ "$bb" ] ],
    [ "r3:2", "bb1:20b.j", "", [ "$bb" ] ],
    [ "r4:1", "bb2:1b.j", "", [ "$bb" ] ],
    [ "r4:2", "bb2:7b.j", "", [ "$bb" ] ],
    [ "r5:1", "bb2:10b.j", "", [ "$bb" ] ],
    [ "r5:2", "bb2:16b.j", "", [ "$bb" ] ],
    [ "r6:1", "bb2:21b.j", "", [ "$bb" ] ],
    [ "r6:2", "bb2:27b.j", "", [ "$bb" ] ],
    [ "esp:D34", "ldr2:AO", "green", [ "h0" ] ],
    [ "ldr1:AO", "esp:D35", "green", [ "h547.2", "v-230.7" ] ],
    [ "bb2:7t.a", "esp:D25", "green", [ "v0" ] ],
    [ "bb1:20t.b", "esp:D26", "green", [ "v0" ] ],
    [ "bb2:27t.b", "esp:D32", "green", [ "v0" ] ]
  ],
  "dependencies": {}
}